name,email,id,checked_in,check_in_time
John Doe,john.doe@example.com,1,True,2024-08-01 16:13:37
Jane Smith,jane.smith@example.com,2,False,
Alice Johnson,alice.johnson@example.com,3,False,
Bob Brown,bob.brown@example.com,4,True,2024-08-01 16:14:34
Charlie Davis,charlie.davis@example.com,5,False,
David Evans,david.evans@example.com,6,False,
Eve Frank,eve.frank@example.com,7,False,
Frank Green,frank.green@example.com,8,False,
Grace Hill,grace.hill@example.com,9,False,
Hank Ives,hank.ives@example.com,10,False,
Ian Jones,ian.jones@example.com,11,False,
Jack Keller,jack.keller@example.com,12,False,
Kate Lewis,kate.lewis@example.com,13,False,
Luke Miller,luke.miller@example.com,14,False,
Mia Nelson,mia.nelson@example.com,15,False,
Nate Olson,nate.olson@example.com,16,False,
Olivia Parker,olivia.parker@example.com,17,False,
Paul Quinn,paul.quinn@example.com,18,False,
Quinn Roberts,quinn.roberts@example.com,19,False,
Rachel Smith,rachel.smith@example.com,20,False,
Sam Taylor,sam.taylor@example.com,21,False,
Tom Underwood,tom.underwood@example.com,22,False,
Uma Vines,uma.vines@example.com,23,False,
Victor White,victor.white@example.com,24,False,
Wendy Xavier,wendy.xavier@example.com,25,False,
Xavier Young,xavier.young@example.com,26,False,
Yara Zane,yara.zane@example.com,27,False,
Zane Adams,zane.adams@example.com,28,False,
Aaron Brown,aaron.brown@example.com,29,False,
Abby Clark,abby.clark@example.com,30,False,
Ben Davis,ben.davis@example.com,31,False,
Bella Evans,bella.evans@example.com,32,False,
Caleb Fisher,caleb.fisher@example.com,33,False,
Carla Gray,carla.gray@example.com,34,False,
Dan Harris,dan.harris@example.com,35,False,
Dana Ingram,dana.ingram@example.com,36,False,
Ethan Jackson,ethan.jackson@example.com,37,False,
Elle King,elle.king@example.com,38,False,
Finn Lambert,finn.lambert@example.com,39,False,
Felicity Moore,felicity.moore@example.com,40,False,
Gabe Nelson,gabe.nelson@example.com,41,False,
Gina Owens,gina.owens@example.com,42,False,
Hale Perkins,hale.perkins@example.com,43,False,
Holly Quinn,holly.quinn@example.com,44,False,
Ian Reed,ian.reed@example.com,45,False,
Ivy Ross,ivy.ross@example.com,46,False,
Jack Smith,jack.smith@example.com,47,False,
Jill Taylor,jill.taylor@example.com,48,False,
Kane Underwood,kane.underwood@example.com,49,False,
Kylie Vines,kylie.vines@example.com,50,False,
Leo White,leo.white@example.com,51,False,
Lila Xavier,lila.xavier@example.com,52,False,
Max Young,max.young@example.com,53,False,
Mila Zane,mila.zane@example.com,54,False,
Nico Adams,nico.adams@example.com,55,False,
Nina Brown,nina.brown@example.com,56,False,
Oscar Clark,oscar.clark@example.com,57,False,
Olive Davis,olive.davis@example.com,58,False,
Pat Evans,pat.evans@example.com,59,False,
Penny Fisher,penny.fisher@example.com,60,False,
Quincy Gray,quincy.gray@example.com,61,False,
Quinn Harris,quinn.harris@example.com,62,False,
Ray Ingram,ray.ingram@example.com,63,False,
Ruby Jackson,ruby.jackson@example.com,64,False,
Sam King,sam.king@example.com,65,False,
Sara Lambert,sara.lambert@example.com,66,False,
Tom Moore,tom.moore@example.com,67,False,
Tina Nelson,tina.nelson@example.com,68,True,2024-08-01 16:14:55
Ulysses Owens,ulysses.owens@example.com,69,False,
Una Perkins,una.perkins@example.com,70,False,
Vic Quinn,vic.quinn@example.com,71,False,
Vera Reed,vera.reed@example.com,72,False,
Walt Ross,walt.ross@example.com,73,False,
Willa Smith,willa.smith@example.com,74,False,
Xander Taylor,xander.taylor@example.com,75,False,
Xena Underwood,xena.underwood@example.com,76,False,
Yale Vines,yale.vines@example.com,77,False,
Yvonne White,yvonne.white@example.com,78,False,
Zack Xavier,zack.xavier@example.com,79,False,
Zara Young,zara.young@example.com,80,False,
Aaron Zane,aaron.zane@example.com,81,False,
Abby Adams,abby.adams@example.com,82,False,
Ben Brown,ben.brown@example.com,83,False,
Bella Clark,bella.clark@example.com,84,False,
Caleb Davis,caleb.davis@example.com,85,False,
Carla Evans,carla.evans@example.com,86,False,
Dan Fisher,dan.fisher@example.com,87,False,
Dana Gray,dana.gray@example.com,88,False,
Ethan Harris,ethan.harris@example.com,89,False,
Elle Ingram,elle.ingram@example.com,90,False,
Finn Jackson,finn.jackson@example.com,91,False,
Felicity King,felicity.king@example.com,92,False,
Gabe Lambert,gabe.lambert@example.com,93,False,
Gina Moore,gina.moore@example.com,94,False,
Hale Nelson,hale.nelson@example.com,95,False,
Holly Owens,holly.owens@example.com,96,False,
Ian Perkins,ian.perkins@example.com,97,False,
Ivy Quinn,ivy.quinn@example.com,98,False,
Jack Reed,jack.reed@example.com,99,False,
Jill Ross,jill.ross@example.com,100,False,
Kane Smith,kane.smith@example.com,101,False,
Kylie Taylor,kylie.taylor@example.com,102,False,
Leo Underwood,leo.underwood@example.com,103,False,
Lila Vines,lila.vines@example.com,104,False,
Max White,max.white@example.com,105,False,
Mila Xavier,mila.xavier@example.com,106,False,
Nico Young,nico.young@example.com,107,False,
Nina Zane,nina.zane@example.com,108,False,
Oscar Adams,oscar.adams@example.com,109,False,
Olive Brown,olive.brown@example.com,110,False,
Pat Clark,pat.clark@example.com,111,False,
Penny Davis,penny.davis@example.com,112,False,
Quincy Evans,quincy.evans@example.com,113,False,
Quinn Fisher,quinn.fisher@example.com,114,False,
Ray Gray,ray.gray@example.com,115,False,
Ruby Harris,ruby.harris@example.com,116,False,
Sam Ingram,sam.ingram@example.com,117,False,
Sara Jackson,sara.jackson@example.com,118,False,
Tom King,tom.king@example.com,119,False,
Tina Lambert,tina.lambert@example.com,120,True,2024-08-01 16:14:51
Ulysses Moore,ulysses.moore@example.com,121,False,
Una Nelson,una.nelson@example.com,122,False,
Vic Owens,vic.owens@example.com,123,False,
Vera Perkins,vera.perkins@example.com,124,False,
Walt Quinn,walt.quinn@example.com,125,False,
Willa Reed,willa.reed@example.com,126,False,
Xander Ross,xander.ross@example.com,127,False,
Xena Smith,xena.smith@example.com,128,False,
Yale Taylor,yale.taylor@example.com,129,False,
Yvonne Underwood,yvonne.underwood@example.com,130,False,
Zack Vines,zack.vines@example.com,131,False,
Zara White,zara.white@example.com,132,False,
Aaron Xavier,aaron.xavier@example.com,133,False,
Abby Young,abby.young@example.com,134,False,
Ben Zane,ben.zane@example.com,135,False,
Bella Adams,bella.adams@example.com,136,False,
Caleb Brown,caleb.brown@example.com,137,False,
Carla Clark,carla.clark@example.com,138,False,
Dan Davis,dan.davis@example.com,139,False,
Dana Evans,dana.evans@example.com,140,False,
