name,email,id,checked_in,check_in_time
John Doe,john.doe@example.com,1
Jane Smith,jane.smith@example.com,2
Alice Johnson,alice.johnson@example.com,3
Bob Brown,bob.brown@example.com,4
Charlie Davis,charlie.davis@example.com,5
David Evans,david.evans@example.com,6
Eve Frank,eve.frank@example.com,7
Frank Green,frank.green@example.com,8
Grace Hill,grace.hill@example.com,9
Hank Ives,hank.ives@example.com,10
Ian Jones,ian.jones@example.com,11
Jack Keller,jack.keller@example.com,12
Kate Lewis,kate.lewis@example.com,13
Luke Miller,luke.miller@example.com,14
Mia Nelson,mia.nelson@example.com,15
Nate Olson,nate.olson@example.com,16
Olivia Parker,olivia.parker@example.com,17
Paul Quinn,paul.quinn@example.com,18
Quinn Roberts,quinn.roberts@example.com,19
Rachel Smith,rachel.smith@example.com,20
Sam Taylor,sam.taylor@example.com,21
Tom Underwood,tom.underwood@example.com,22
Uma Vines,uma.vines@example.com,23
Victor White,victor.white@example.com,24
Wendy Xavier,wendy.xavier@example.com,25
Xavier Young,xavier.young@example.com,26
Yara Zane,yara.zane@example.com,27
Zane Adams,zane.adams@example.com,28
Aaron Brown,aaron.brown@example.com,29
Abby Clark,abby.clark@example.com,30
Ben Davis,ben.davis@example.com,31
Bella Evans,bella.evans@example.com,32
Caleb Fisher,caleb.fisher@example.com,33
Carla Gray,carla.gray@example.com,34
Dan Harris,dan.harris@example.com,35
Dana Ingram,dana.ingram@example.com,36
Ethan Jackson,ethan.jackson@example.com,37
Elle King,elle.king@example.com,38
Finn Lambert,finn.lambert@example.com,39
Felicity Moore,felicity.moore@example.com,40
Gabe Nelson,gabe.nelson@example.com,41
Gina Owens,gina.owens@example.com,42
Hale Perkins,hale.perkins@example.com,43
Holly Quinn,holly.quinn@example.com,44
Ian Reed,ian.reed@example.com,45
Ivy Ross,ivy.ross@example.com,46
Jack Smith,jack.smith@example.com,47
Jill Taylor,jill.taylor@example.com,48
Kane Underwood,kane.underwood@example.com,49
Kylie Vines,kylie.vines@example.com,50
Leo White,leo.white@example.com,51
Lila Xavier,lila.xavier@example.com,52
Max Young,max.young@example.com,53
Mila Zane,mila.zane@example.com,54
Nico Adams,nico.adams@example.com,55
Nina Brown,nina.brown@example.com,56
Oscar Clark,oscar.clark@example.com,57
Olive Davis,olive.davis@example.com,58
Pat Evans,pat.evans@example.com,59
Penny Fisher,penny.fisher@example.com,60
Quincy Gray,quincy.gray@example.com,61
Quinn Harris,quinn.harris@example.com,62
Ray Ingram,ray.ingram@example.com,63
Ruby Jackson,ruby.jackson@example.com,64
Sam King,sam.king@example.com,65
Sara Lambert,sara.lambert@example.com,66
Tom Moore,tom.moore@example.com,67
Tina Nelson,tina.nelson@example.com,68
Ulysses Owens,ulysses.owens@example.com,69
Una Perkins,una.perkins@example.com,70
Vic Quinn,vic.quinn@example.com,71
Vera Reed,vera.reed@example.com,72
Walt Ross,walt.ross@example.com,73
Willa Smith,willa.smith@example.com,74
Xander Taylor,xander.taylor@example.com,75
Xena Underwood,xena.underwood@example.com,76
Yale Vines,yale.vines@example.com,77
Yvonne White,yvonne.white@example.com,78
Zack Xavier,zack.xavier@example.com,79
Zara Young,zara.young@example.com,80
Aaron Zane,aaron.zane@example.com,81
Abby Adams,abby.adams@example.com,82
Ben Brown,ben.brown@example.com,83
Bella Clark,bella.clark@example.com,84
Caleb Davis,caleb.davis@example.com,85
Carla Evans,carla.evans@example.com,86
Dan Fisher,dan.fisher@example.com,87
Dana Gray,dana.gray@example.com,88
Ethan Harris,ethan.harris@example.com,89
Elle Ingram,elle.ingram@example.com,90
Finn Jackson,finn.jackson@example.com,91
Felicity King,felicity.king@example.com,92
Gabe Lambert,gabe.lambert@example.com,93
Gina Moore,gina.moore@example.com,94
Hale Nelson,hale.nelson@example.com,95
Holly Owens,holly.owens@example.com,96
Ian Perkins,ian.perkins@example.com,97
Ivy Quinn,ivy.quinn@example.com,98
Jack Reed,jack.reed@example.com,99
Jill Ross,jill.ross@example.com,100
Kane Smith,kane.smith@example.com,101
Kylie Taylor,kylie.taylor@example.com,102
Leo Underwood,leo.underwood@example.com,103
Lila Vines,lila.vines@example.com,104
Max White,max.white@example.com,105
Mila Xavier,mila.xavier@example.com,106
Nico Young,nico.young@example.com,107
Nina Zane,nina.zane@example.com,108
Oscar Adams,oscar.adams@example.com,109
Olive Brown,olive.brown@example.com,110
Pat Clark,pat.clark@example.com,111
Penny Davis,penny.davis@example.com,112
Quincy Evans,quincy.evans@example.com,113
Quinn Fisher,quinn.fisher@example.com,114
Ray Gray,ray.gray@example.com,115
Ruby Harris,ruby.harris@example.com,116
Sam Ingram,sam.ingram@example.com,117
Sara Jackson,sara.jackson@example.com,118
Tom King,tom.king@example.com,119
Tina Lambert,tina.lambert@example.com,120
Ulysses Moore,ulysses.moore@example.com,121
Una Nelson,una.nelson@example.com,122
Vic Owens,vic.owens@example.com,123
Vera Perkins,vera.perkins@example.com,124
Walt Quinn,walt.quinn@example.com,125
Willa Reed,willa.reed@example.com,126
Xander Ross,xander.ross@example.com,127
Xena Smith,xena.smith@example.com,128
Yale Taylor,yale.taylor@example.com,129
Yvonne Underwood,yvonne.underwood@example.com,130
Zack Vines,zack.vines@example.com,131
Zara White,zara.white@example.com,132
Aaron Xavier,aaron.xavier@example.com,133
Abby Young,abby.young@example.com,134
Ben Zane,ben.zane@example.com,135
Bella Adams,bella.adams@example.com,136
Caleb Brown,caleb.brown@example.com,137
Carla Clark,carla.clark@example.com,138
Dan Davis,dan.davis@example.com,139
Dana Evans,dana.evans@example.com,140